"","gene","baseMean","log2FoldChange","lfcSE","stat","pvalue","padj"
"1","Cladocopium_Davies_comp258091_c1_seq5_Symbiont",48.5291177584221,4.77549223938629,0.798077841989312,5.98374242227143,2.18068074806335e-09,5.74827445189499e-06
"2","Cladocopium_Davies_comp247798_c0_seq13_Symbiont",30.9568658127384,2.96737355896657,0.638384146195418,4.64825697293901,3.34751718128671e-06,0.00441202764493589
"3","Cladocopium_Davies_comp261670_c0_seq2_Symbiont",21.384757152767,2.87075189442288,0.648867830841998,4.42424752464254,9.67790093625562e-06,0.00850364895598994
"4","Cladocopium_Davies_comp245479_c0_seq10_Symbiont",24.5829882963323,2.75338789449845,0.666764635686598,4.12947500081968,3.63592532722592e-05,0.0239607479064188
"5","Cladocopium_Davies_comp198150_c0_seq1_Symbiont",8.51225797722686,3.51696719679409,0.903952459573883,3.89065504446104,9.99739731489901e-05,0.043921898870123
"6","Cladocopium_Davies_comp259912_c1_seq16_Symbiont",6.75188558030051,3.71853813579999,0.951732071893287,3.9071270640304,9.34000426641791e-05,0.043921898870123
"7","Cladocopium_Davies_comp263292_c0_seq1_Symbiont",22.4225811004254,3.07003170573713,0.801661640562919,3.82958538914421,0.000128359338903521,0.0483364596213831
"8","Cladocopium_Davies_comp256750_c3_seq3_Symbiont",6.84614166735453,2.5231150370963,0.670782891300522,3.76144810760521,0.00016893247196844,0.055663249513601
"9","Cladocopium_Davies_comp225146_c0_seq1_Symbiont",7.22207214109618,-7.18498011604952,2.00187759883507,-3.58912059370193,0.000331795339012466,0.0971791681818733
