"","gene","baseMean","log2FoldChange","lfcSE","stat","pvalue","padj"
"1","Siderastrea_Mexico_Barshis-Radice_Host_contig05154",831.07703258571,-8.18663139030624,1.4079888904064,-5.81441476284891,6.08463794837812e-09,4.86588496731798e-05
