"","gene","baseMean","log2FoldChange","lfcSE","stat","pvalue","padj"
"1","Siderastrea_Mexico_Barshis-Radice_Host_contig12375",43.3232932776377,4.49868313772286,0.913274536743832,4.92588258702838,8.39804169160952e-07,0.00671591394078013
"2","Siderastrea_Mexico_Barshis-Radice_Host_contig19050",47.5252977692179,1.7894685303642,0.400696550779539,4.46589452013714,7.97348898885516e-06,0.0318819957219373
