"","gene","baseMean","log2FoldChange","lfcSE","stat","pvalue","padj"
"1","Siderastrea_Mexico_Barshis-Radice_Host_contig12108",11.7749293049257,-4.42621916495056,1.00295300728202,-4.41318699162739,1.01859945528345e-05,0.081447212444465
