"","gene","baseMean","log2FoldChange","lfcSE","stat","pvalue","padj"
"1","Siderastrea_Mexico_Barshis-Radice_Host_contig05154",773.520849476244,-8.2147047953614,1.40669799678151,-5.83970746681692,5.22925602421874e-09,4.18131311696531e-05
