"","gene","baseMean","log2FoldChange","lfcSE","stat","pvalue","padj"
"1","Siderastrea_Mexico_Barshis-Radice_Host_contig12108",13.3813941801911,-4.43357574946011,0.995613466498753,-4.45310946330562,8.46355783482308e-06,0.0676830720050802
